{"147070081":{"scope":{"type":"project","id":1131003},"user_id":219887,"source_asset_id":null,"source":false,"tags":[],"name":"P4Mat","revision":1,"preload":true,"exclude":false,"meta":null,"data":{"ambient":[0,0,0],"ambientTint":false,"aoMap":null,"aoMapChannel":"r","aoMapUv":0,"aoMapTiling":[1,1],"aoMapOffset":[0,0],"aoMapRotation":0,"diffuse":[0.8,0.07058823529411765,0.9450980392156862],"diffuseMap":null,"diffuseMapChannel":"rgb","diffuseMapUv":0,"diffuseMapTiling":[1,1],"diffuseMapOffset":[0,0],"diffuseMapRotation":0,"specular":[0.23,0.23,0.23],"specularMap":null,"specularMapChannel":"rgb","specularMapUv":0,"specularMapTiling":[1,1],"specularMapOffset":[0,0],"specularMapRotation":0,"specularAntialias":true,"occludeSpecular":1,"specularityFactor":1,"specularityFactorMap":null,"specularityFactorMapChannel":"r","specularityFactorMapUv":0,"specularityFactorMapTiling":[1,1],"specularityFactorMapOffset":[0,0],"specularityFactorMapRotation":0,"enableGGXSpecular":false,"anisotropy":0,"useMetalness":false,"metalness":1,"metalnessMap":null,"metalnessMapChannel":"r","metalnessMapUv":0,"metalnessMapTiling":[1,1],"metalnessMapOffset":[0,0],"metalnessMapRotation":0,"useMetalnessSpecularColor":false,"conserveEnergy":true,"shininess":32,"glossMap":null,"glossMapChannel":"r","glossMapUv":0,"glossMapTiling":[1,1],"glossMapOffset":[0,0],"glossMapRotation":0,"glossInvert":false,"clearCoat":0,"clearCoatMap":null,"clearCoatMapChannel":"r","clearCoatMapUv":0,"clearCoatMapTiling":[1,1],"clearCoatMapOffset":[0,0],"clearCoatMapRotation":0,"clearCoatVertexColor":false,"clearCoatVertexColorChannel":"r","clearCoatGloss":1,"clearCoatGlossMap":null,"clearCoatGlossMapChannel":"r","clearCoatGlossMapUv":0,"clearCoatGlossMapTiling":[1,1],"clearCoatGlossMapOffset":[0,0],"clearCoatGlossMapRotation":0,"clearCoatGlossVertexColor":false,"clearCoatGlossVertexColorChannel":"r","clearCoatBumpiness":1,"clearCoatGlossInvert":false,"clearCoatNormalMap":null,"clearCoatNormalMapUv":0,"clearCoatNormalMapTiling":[1,1],"clearCoatNormalMapOffset":[0,0],"clearCoatNormalMapRotation":0,"useSheen":false,"sheen":[0,0,0],"sheenMap":null,"sheenMapChannel":"rgb","sheenMapUv":0,"sheenMapTiling":[1,1],"sheenMapOffset":[0,0],"sheenMapRotation":0,"sheenGloss":0,"sheenGlossMap":null,"sheenGlossMapChannel":"r","sheenGlossMapUv":0,"sheenGlossMapTiling":[1,1],"sheenGlossMapOffset":[0,0],"sheenGlossMapRotation":0,"sheenGlossInvert":false,"fresnelModel":0,"emissive":[0,0,0],"emissiveMap":null,"emissiveMapChannel":"rgb","emissiveMapUv":0,"emissiveMapTiling":[1,1],"emissiveMapOffset":[0,0],"emissiveMapRotation":0,"emissiveIntensity":1,"normalMap":null,"normalMapUv":0,"normalMapTiling":[1,1],"normalMapOffset":[0,0],"normalMapRotation":0,"bumpMapFactor":1,"useDynamicRefraction":false,"refraction":0,"refractionMap":null,"refractionMapChannel":"r","refractionMapUv":0,"refractionMapTiling":[1,1],"refractionMapOffset":[0,0],"refractionMapRotation":0,"refractionVertexColor":false,"refractionVertexColorChannel":"r","refractionIndex":0.6666666666666666,"thickness":0,"thicknessMap":null,"thicknessMapChannel":"r","thicknessMapUv":0,"thicknessMapTiling":[1,1],"thicknessMapOffset":[0,0],"thicknessMapRotation":0,"thicknessVertexColor":false,"thicknessVertexColorChannel":"r","attenuation":[1,1,1],"attenuationDistance":0,"useIridescence":false,"iridescence":0,"iridescenceMap":null,"iridescenceMapChannel":"r","iridescenceMapUv":0,"iridescenceMapTiling":[1,1],"iridescenceMapOffset":[0,0],"iridescenceMapRotation":0,"iridescenceRefractionIndex":0.667,"iridescenceThicknessMap":null,"iridescenceThicknessMapChannel":"r","iridescenceThicknessMapUv":0,"iridescenceThicknessMapTiling":[1,1],"iridescenceThicknessMapOffset":[0,0],"iridescenceThicknessMapRotation":0,"iridescenceThicknessMin":0,"iridescenceThicknessMax":0,"heightMap":null,"heightMapChannel":"r","heightMapUv":0,"heightMapTiling":[1,1],"heightMapOffset":[0,0],"heightMapRotation":0,"heightMapFactor":1,"alphaToCoverage":false,"alphaTest":0,"alphaFade":1,"opacity":1,"opacityMap":null,"opacityMapChannel":"r","opacityMapUv":0,"opacityMapTiling":[1,1],"opacityMapOffset":[0,0],"opacityMapRotation":0,"opacityFadesSpecular":true,"reflectivity":1,"sphereMap":null,"cubeMap":null,"cubeMapProjection":0,"cubeMapProjectionBox":{"center":[0,0,0],"halfExtents":[0.5,0.5,0.5]},"lightMap":null,"lightMapChannel":"rgb","lightMapUv":0,"lightMapTiling":[1,1],"lightMapOffset":[0,0],"lightMapRotation":0,"depthTest":true,"depthWrite":true,"cull":1,"blendType":3,"shader":"blinn","useFog":true,"useLighting":true,"useSkybox":true,"useGammaTonemap":true},"type":"material","file":null,"path":[],"task":null,"i18n":{},"_type":"http://sharejs.org/types/JSONv0","_v":1,"_m":{"ctime":1690272834604,"mtime":1691216394620},"_o":"64cdea0af6d800efd0dc5ca5","branch_id":"a84354b8-dfb3-40d3-8c2f-60a4796f9376","checkpoint_id":"88aaf781-c4d3-4903-80df-17877418f519","id":"147070081"},"147070082":{"scope":{"type":"project","id":1131003},"user_id":219887,"source_asset_id":null,"source":false,"tags":[],"name":"P3Mat","revision":1,"preload":true,"exclude":false,"meta":null,"data":{"ambient":[0,0,0],"ambientTint":false,"aoMap":null,"aoMapChannel":"r","aoMapUv":0,"aoMapTiling":[1,1],"aoMapOffset":[0,0],"aoMapRotation":0,"diffuse":[0.07058823529411765,0.2901960784313726,0.9450980392156862],"diffuseMap":null,"diffuseMapChannel":"rgb","diffuseMapUv":0,"diffuseMapTiling":[1,1],"diffuseMapOffset":[0,0],"diffuseMapRotation":0,"specular":[0.23,0.23,0.23],"specularMap":null,"specularMapChannel":"rgb","specularMapUv":0,"specularMapTiling":[1,1],"specularMapOffset":[0,0],"specularMapRotation":0,"specularAntialias":true,"occludeSpecular":1,"specularityFactor":1,"specularityFactorMap":null,"specularityFactorMapChannel":"r","specularityFactorMapUv":0,"specularityFactorMapTiling":[1,1],"specularityFactorMapOffset":[0,0],"specularityFactorMapRotation":0,"enableGGXSpecular":false,"anisotropy":0,"useMetalness":false,"metalness":1,"metalnessMap":null,"metalnessMapChannel":"r","metalnessMapUv":0,"metalnessMapTiling":[1,1],"metalnessMapOffset":[0,0],"metalnessMapRotation":0,"useMetalnessSpecularColor":false,"conserveEnergy":true,"shininess":32,"glossMap":null,"glossMapChannel":"r","glossMapUv":0,"glossMapTiling":[1,1],"glossMapOffset":[0,0],"glossMapRotation":0,"glossInvert":false,"clearCoat":0,"clearCoatMap":null,"clearCoatMapChannel":"r","clearCoatMapUv":0,"clearCoatMapTiling":[1,1],"clearCoatMapOffset":[0,0],"clearCoatMapRotation":0,"clearCoatVertexColor":false,"clearCoatVertexColorChannel":"r","clearCoatGloss":1,"clearCoatGlossMap":null,"clearCoatGlossMapChannel":"r","clearCoatGlossMapUv":0,"clearCoatGlossMapTiling":[1,1],"clearCoatGlossMapOffset":[0,0],"clearCoatGlossMapRotation":0,"clearCoatGlossVertexColor":false,"clearCoatGlossVertexColorChannel":"r","clearCoatBumpiness":1,"clearCoatGlossInvert":false,"clearCoatNormalMap":null,"clearCoatNormalMapUv":0,"clearCoatNormalMapTiling":[1,1],"clearCoatNormalMapOffset":[0,0],"clearCoatNormalMapRotation":0,"useSheen":false,"sheen":[0,0,0],"sheenMap":null,"sheenMapChannel":"rgb","sheenMapUv":0,"sheenMapTiling":[1,1],"sheenMapOffset":[0,0],"sheenMapRotation":0,"sheenGloss":0,"sheenGlossMap":null,"sheenGlossMapChannel":"r","sheenGlossMapUv":0,"sheenGlossMapTiling":[1,1],"sheenGlossMapOffset":[0,0],"sheenGlossMapRotation":0,"sheenGlossInvert":false,"fresnelModel":0,"emissive":[0,0,0],"emissiveMap":null,"emissiveMapChannel":"rgb","emissiveMapUv":0,"emissiveMapTiling":[1,1],"emissiveMapOffset":[0,0],"emissiveMapRotation":0,"emissiveIntensity":1,"normalMap":null,"normalMapUv":0,"normalMapTiling":[1,1],"normalMapOffset":[0,0],"normalMapRotation":0,"bumpMapFactor":1,"useDynamicRefraction":false,"refraction":0,"refractionMap":null,"refractionMapChannel":"r","refractionMapUv":0,"refractionMapTiling":[1,1],"refractionMapOffset":[0,0],"refractionMapRotation":0,"refractionVertexColor":false,"refractionVertexColorChannel":"r","refractionIndex":0.6666666666666666,"thickness":0,"thicknessMap":null,"thicknessMapChannel":"r","thicknessMapUv":0,"thicknessMapTiling":[1,1],"thicknessMapOffset":[0,0],"thicknessMapRotation":0,"thicknessVertexColor":false,"thicknessVertexColorChannel":"r","attenuation":[1,1,1],"attenuationDistance":0,"useIridescence":false,"iridescence":0,"iridescenceMap":null,"iridescenceMapChannel":"r","iridescenceMapUv":0,"iridescenceMapTiling":[1,1],"iridescenceMapOffset":[0,0],"iridescenceMapRotation":0,"iridescenceRefractionIndex":0.667,"iridescenceThicknessMap":null,"iridescenceThicknessMapChannel":"r","iridescenceThicknessMapUv":0,"iridescenceThicknessMapTiling":[1,1],"iridescenceThicknessMapOffset":[0,0],"iridescenceThicknessMapRotation":0,"iridescenceThicknessMin":0,"iridescenceThicknessMax":0,"heightMap":null,"heightMapChannel":"r","heightMapUv":0,"heightMapTiling":[1,1],"heightMapOffset":[0,0],"heightMapRotation":0,"heightMapFactor":1,"alphaToCoverage":false,"alphaTest":0,"alphaFade":1,"opacity":1,"opacityMap":null,"opacityMapChannel":"r","opacityMapUv":0,"opacityMapTiling":[1,1],"opacityMapOffset":[0,0],"opacityMapRotation":0,"opacityFadesSpecular":true,"reflectivity":1,"sphereMap":null,"cubeMap":null,"cubeMapProjection":0,"cubeMapProjectionBox":{"center":[0,0,0],"halfExtents":[0.5,0.5,0.5]},"lightMap":null,"lightMapChannel":"rgb","lightMapUv":0,"lightMapTiling":[1,1],"lightMapOffset":[0,0],"lightMapRotation":0,"depthTest":true,"depthWrite":true,"cull":1,"blendType":3,"shader":"blinn","useFog":true,"useLighting":true,"useSkybox":true,"useGammaTonemap":true},"type":"material","file":null,"path":[],"task":null,"i18n":{},"_type":"http://sharejs.org/types/JSONv0","_v":1,"_m":{"ctime":1690272912582,"mtime":1691216390106},"_o":"64cdea06a0b62e5b9118dfe2","branch_id":"a84354b8-dfb3-40d3-8c2f-60a4796f9376","checkpoint_id":"88aaf781-c4d3-4903-80df-17877418f519","id":"147070082"},"147070083":{"scope":{"type":"project","id":1131003},"user_id":219887,"source_asset_id":null,"source":false,"tags":[],"name":"P2Mat","revision":1,"preload":true,"exclude":false,"meta":null,"data":{"ambient":[0,0,0],"ambientTint":false,"aoMap":null,"aoMapChannel":"r","aoMapUv":0,"aoMapTiling":[1,1],"aoMapOffset":[0,0],"aoMapRotation":0,"diffuse":[0.43529411764705883,0.9450980392156862,0.07058823529411765],"diffuseMap":null,"diffuseMapChannel":"rgb","diffuseMapUv":0,"diffuseMapTiling":[1,1],"diffuseMapOffset":[0,0],"diffuseMapRotation":0,"specular":[0.23,0.23,0.23],"specularMap":null,"specularMapChannel":"rgb","specularMapUv":0,"specularMapTiling":[1,1],"specularMapOffset":[0,0],"specularMapRotation":0,"specularAntialias":true,"occludeSpecular":1,"specularityFactor":1,"specularityFactorMap":null,"specularityFactorMapChannel":"r","specularityFactorMapUv":0,"specularityFactorMapTiling":[1,1],"specularityFactorMapOffset":[0,0],"specularityFactorMapRotation":0,"enableGGXSpecular":false,"anisotropy":0,"useMetalness":false,"metalness":1,"metalnessMap":null,"metalnessMapChannel":"r","metalnessMapUv":0,"metalnessMapTiling":[1,1],"metalnessMapOffset":[0,0],"metalnessMapRotation":0,"useMetalnessSpecularColor":false,"conserveEnergy":true,"shininess":32,"glossMap":null,"glossMapChannel":"r","glossMapUv":0,"glossMapTiling":[1,1],"glossMapOffset":[0,0],"glossMapRotation":0,"glossInvert":false,"clearCoat":0,"clearCoatMap":null,"clearCoatMapChannel":"r","clearCoatMapUv":0,"clearCoatMapTiling":[1,1],"clearCoatMapOffset":[0,0],"clearCoatMapRotation":0,"clearCoatVertexColor":false,"clearCoatVertexColorChannel":"r","clearCoatGloss":1,"clearCoatGlossMap":null,"clearCoatGlossMapChannel":"r","clearCoatGlossMapUv":0,"clearCoatGlossMapTiling":[1,1],"clearCoatGlossMapOffset":[0,0],"clearCoatGlossMapRotation":0,"clearCoatGlossVertexColor":false,"clearCoatGlossVertexColorChannel":"r","clearCoatBumpiness":1,"clearCoatGlossInvert":false,"clearCoatNormalMap":null,"clearCoatNormalMapUv":0,"clearCoatNormalMapTiling":[1,1],"clearCoatNormalMapOffset":[0,0],"clearCoatNormalMapRotation":0,"useSheen":false,"sheen":[0,0,0],"sheenMap":null,"sheenMapChannel":"rgb","sheenMapUv":0,"sheenMapTiling":[1,1],"sheenMapOffset":[0,0],"sheenMapRotation":0,"sheenGloss":0,"sheenGlossMap":null,"sheenGlossMapChannel":"r","sheenGlossMapUv":0,"sheenGlossMapTiling":[1,1],"sheenGlossMapOffset":[0,0],"sheenGlossMapRotation":0,"sheenGlossInvert":false,"fresnelModel":0,"emissive":[0,0,0],"emissiveMap":null,"emissiveMapChannel":"rgb","emissiveMapUv":0,"emissiveMapTiling":[1,1],"emissiveMapOffset":[0,0],"emissiveMapRotation":0,"emissiveIntensity":1,"normalMap":null,"normalMapUv":0,"normalMapTiling":[1,1],"normalMapOffset":[0,0],"normalMapRotation":0,"bumpMapFactor":1,"useDynamicRefraction":false,"refraction":0,"refractionMap":null,"refractionMapChannel":"r","refractionMapUv":0,"refractionMapTiling":[1,1],"refractionMapOffset":[0,0],"refractionMapRotation":0,"refractionVertexColor":false,"refractionVertexColorChannel":"r","refractionIndex":0.6666666666666666,"thickness":0,"thicknessMap":null,"thicknessMapChannel":"r","thicknessMapUv":0,"thicknessMapTiling":[1,1],"thicknessMapOffset":[0,0],"thicknessMapRotation":0,"thicknessVertexColor":false,"thicknessVertexColorChannel":"r","attenuation":[1,1,1],"attenuationDistance":0,"useIridescence":false,"iridescence":0,"iridescenceMap":null,"iridescenceMapChannel":"r","iridescenceMapUv":0,"iridescenceMapTiling":[1,1],"iridescenceMapOffset":[0,0],"iridescenceMapRotation":0,"iridescenceRefractionIndex":0.667,"iridescenceThicknessMap":null,"iridescenceThicknessMapChannel":"r","iridescenceThicknessMapUv":0,"iridescenceThicknessMapTiling":[1,1],"iridescenceThicknessMapOffset":[0,0],"iridescenceThicknessMapRotation":0,"iridescenceThicknessMin":0,"iridescenceThicknessMax":0,"heightMap":null,"heightMapChannel":"r","heightMapUv":0,"heightMapTiling":[1,1],"heightMapOffset":[0,0],"heightMapRotation":0,"heightMapFactor":1,"alphaToCoverage":false,"alphaTest":0,"alphaFade":1,"opacity":1,"opacityMap":null,"opacityMapChannel":"r","opacityMapUv":0,"opacityMapTiling":[1,1],"opacityMapOffset":[0,0],"opacityMapRotation":0,"opacityFadesSpecular":true,"reflectivity":1,"sphereMap":null,"cubeMap":null,"cubeMapProjection":0,"cubeMapProjectionBox":{"center":[0,0,0],"halfExtents":[0.5,0.5,0.5]},"lightMap":null,"lightMapChannel":"rgb","lightMapUv":0,"lightMapTiling":[1,1],"lightMapOffset":[0,0],"lightMapRotation":0,"depthTest":true,"depthWrite":true,"cull":1,"blendType":3,"shader":"blinn","useFog":true,"useLighting":true,"useSkybox":true,"useGammaTonemap":true},"type":"material","file":null,"path":[],"task":null,"i18n":{},"_type":"http://sharejs.org/types/JSONv0","_v":1,"_m":{"ctime":1690272921118,"mtime":1691216383443},"_o":"64cde9fff6d80073eedc5ca4","branch_id":"a84354b8-dfb3-40d3-8c2f-60a4796f9376","checkpoint_id":"88aaf781-c4d3-4903-80df-17877418f519","id":"147070083"},"147070084":{"scope":{"type":"project","id":1131003},"user_id":219887,"source_asset_id":null,"source":false,"tags":[],"name":"P1Mat","revision":1,"preload":true,"exclude":false,"meta":null,"data":{"ambient":[0,0,0],"ambientTint":false,"aoMap":null,"aoMapChannel":"r","aoMapUv":0,"aoMapTiling":[1,1],"aoMapOffset":[0,0],"aoMapRotation":0,"diffuse":[0.9450980392156862,0.07058823529411765,0.07058823529411765],"diffuseMap":null,"diffuseMapChannel":"rgb","diffuseMapUv":0,"diffuseMapTiling":[1,1],"diffuseMapOffset":[0,0],"diffuseMapRotation":0,"specular":[0.23,0.23,0.23],"specularMap":null,"specularMapChannel":"rgb","specularMapUv":0,"specularMapTiling":[1,1],"specularMapOffset":[0,0],"specularMapRotation":0,"specularAntialias":true,"occludeSpecular":1,"specularityFactor":1,"specularityFactorMap":null,"specularityFactorMapChannel":"r","specularityFactorMapUv":0,"specularityFactorMapTiling":[1,1],"specularityFactorMapOffset":[0,0],"specularityFactorMapRotation":0,"enableGGXSpecular":false,"anisotropy":0,"useMetalness":false,"metalness":1,"metalnessMap":null,"metalnessMapChannel":"r","metalnessMapUv":0,"metalnessMapTiling":[1,1],"metalnessMapOffset":[0,0],"metalnessMapRotation":0,"useMetalnessSpecularColor":false,"conserveEnergy":true,"shininess":32,"glossMap":null,"glossMapChannel":"r","glossMapUv":0,"glossMapTiling":[1,1],"glossMapOffset":[0,0],"glossMapRotation":0,"glossInvert":false,"clearCoat":0,"clearCoatMap":null,"clearCoatMapChannel":"r","clearCoatMapUv":0,"clearCoatMapTiling":[1,1],"clearCoatMapOffset":[0,0],"clearCoatMapRotation":0,"clearCoatVertexColor":false,"clearCoatVertexColorChannel":"r","clearCoatGloss":1,"clearCoatGlossMap":null,"clearCoatGlossMapChannel":"r","clearCoatGlossMapUv":0,"clearCoatGlossMapTiling":[1,1],"clearCoatGlossMapOffset":[0,0],"clearCoatGlossMapRotation":0,"clearCoatGlossVertexColor":false,"clearCoatGlossVertexColorChannel":"r","clearCoatBumpiness":1,"clearCoatGlossInvert":false,"clearCoatNormalMap":null,"clearCoatNormalMapUv":0,"clearCoatNormalMapTiling":[1,1],"clearCoatNormalMapOffset":[0,0],"clearCoatNormalMapRotation":0,"useSheen":false,"sheen":[0,0,0],"sheenMap":null,"sheenMapChannel":"rgb","sheenMapUv":0,"sheenMapTiling":[1,1],"sheenMapOffset":[0,0],"sheenMapRotation":0,"sheenGloss":0,"sheenGlossMap":null,"sheenGlossMapChannel":"r","sheenGlossMapUv":0,"sheenGlossMapTiling":[1,1],"sheenGlossMapOffset":[0,0],"sheenGlossMapRotation":0,"sheenGlossInvert":false,"fresnelModel":0,"emissive":[0,0,0],"emissiveMap":null,"emissiveMapChannel":"rgb","emissiveMapUv":0,"emissiveMapTiling":[1,1],"emissiveMapOffset":[0,0],"emissiveMapRotation":0,"emissiveIntensity":1,"normalMap":null,"normalMapUv":0,"normalMapTiling":[1,1],"normalMapOffset":[0,0],"normalMapRotation":0,"bumpMapFactor":1,"useDynamicRefraction":false,"refraction":0,"refractionMap":null,"refractionMapChannel":"r","refractionMapUv":0,"refractionMapTiling":[1,1],"refractionMapOffset":[0,0],"refractionMapRotation":0,"refractionVertexColor":false,"refractionVertexColorChannel":"r","refractionIndex":0.6666666666666666,"thickness":0,"thicknessMap":null,"thicknessMapChannel":"r","thicknessMapUv":0,"thicknessMapTiling":[1,1],"thicknessMapOffset":[0,0],"thicknessMapRotation":0,"thicknessVertexColor":false,"thicknessVertexColorChannel":"r","attenuation":[1,1,1],"attenuationDistance":0,"useIridescence":false,"iridescence":0,"iridescenceMap":null,"iridescenceMapChannel":"r","iridescenceMapUv":0,"iridescenceMapTiling":[1,1],"iridescenceMapOffset":[0,0],"iridescenceMapRotation":0,"iridescenceRefractionIndex":0.667,"iridescenceThicknessMap":null,"iridescenceThicknessMapChannel":"r","iridescenceThicknessMapUv":0,"iridescenceThicknessMapTiling":[1,1],"iridescenceThicknessMapOffset":[0,0],"iridescenceThicknessMapRotation":0,"iridescenceThicknessMin":0,"iridescenceThicknessMax":0,"heightMap":null,"heightMapChannel":"r","heightMapUv":0,"heightMapTiling":[1,1],"heightMapOffset":[0,0],"heightMapRotation":0,"heightMapFactor":1,"alphaToCoverage":false,"alphaTest":0,"alphaFade":1,"opacity":1,"opacityMap":null,"opacityMapChannel":"r","opacityMapUv":0,"opacityMapTiling":[1,1],"opacityMapOffset":[0,0],"opacityMapRotation":0,"opacityFadesSpecular":true,"reflectivity":1,"sphereMap":null,"cubeMap":null,"cubeMapProjection":0,"cubeMapProjectionBox":{"center":[0,0,0],"halfExtents":[0.5,0.5,0.5]},"lightMap":null,"lightMapChannel":"rgb","lightMapUv":0,"lightMapTiling":[1,1],"lightMapOffset":[0,0],"lightMapRotation":0,"depthTest":true,"depthWrite":true,"cull":1,"blendType":3,"shader":"blinn","useFog":true,"useLighting":true,"useSkybox":true,"useGammaTonemap":true},"type":"material","file":null,"path":[],"task":null,"i18n":{},"_type":"http://sharejs.org/types/JSONv0","_v":1,"_m":{"ctime":1690272923149,"mtime":1691216377936},"_o":"64cde9f97d4e4a6ca28ebaec","branch_id":"a84354b8-dfb3-40d3-8c2f-60a4796f9376","checkpoint_id":"88aaf781-c4d3-4903-80df-17877418f519","id":"147070084"},"147070085":{"scope":{"type":"project","id":1131003},"user_id":219887,"source_asset_id":null,"source":false,"tags":[],"name":"playerControl.js","revision":1,"preload":true,"exclude":false,"meta":null,"data":{"scripts":{"playerControl":{"attributesOrder":["speed","boxSize","player","defaultPosition"],"attributes":{"speed":{"type":"number"},"boxSize":{"type":"vec3"},"player":{"type":"number"},"defaultPosition":{"type":"vec3"}}}},"loading":false,"loadingType":0},"type":"script","file":{"filename":"playerControl.js","size":10098,"hash":"9e92df749b545b6f6f410e706427858b"},"path":[],"task":null,"i18n":{},"_type":"http://sharejs.org/types/JSONv0","_v":1,"_m":{"ctime":1690272971805,"mtime":1690361523335},"_o":"64c0deb3a641cd720322f097","branch_id":"a84354b8-dfb3-40d3-8c2f-60a4796f9376","immutable_backup":"04043055-32ac-4f12-a5e4-7661c88c1011","same_as_backup":1,"checkpoint_id":"88aaf781-c4d3-4903-80df-17877418f519","id":"147070085"},"147070086":{"scope":{"type":"project","id":1131003},"user_id":219887,"source_asset_id":null,"source":false,"tags":[],"name":"PlayRoomManager.js","revision":1,"preload":true,"exclude":false,"meta":null,"data":{"scripts":{"playRoomManager":{"attributesOrder":["playersEntity"],"attributes":{"playersEntity":{"type":"entity","array":true}}}},"loading":false,"loadingType":0},"type":"script","file":{"filename":"PlayRoomManager.js","size":4313,"hash":"e5ba23a8ce22c983c32f0958fb2aa38f"},"path":[],"task":null,"i18n":{},"branch_id":"a84354b8-dfb3-40d3-8c2f-60a4796f9376","immutable_backup":"157c1c22-d182-46c9-a01d-3fbea5cb997c","same_as_backup":0,"checkpoint_id":"88aaf781-c4d3-4903-80df-17877418f519","_type":"http://sharejs.org/types/JSONv0","_v":1,"_m":{"ctime":1690279023082,"mtime":1693082438641},"_o":"64ea63466c99b17f36f37c80","id":"147070086"},"147070087":{"scope":{"type":"project","id":1131003},"user_id":219887,"source_asset_id":null,"source":true,"tags":[],"name":"nippleJs","revision":1,"preload":false,"exclude":false,"meta":null,"data":null,"type":"folder","file":null,"path":[],"task":null,"i18n":{},"_type":"http://sharejs.org/types/JSONv0","_v":1,"_m":{"ctime":1690355209156,"mtime":1690355214075},"_o":"64c0c60ea682cb299b24ea05","branch_id":"a84354b8-dfb3-40d3-8c2f-60a4796f9376","checkpoint_id":"88aaf781-c4d3-4903-80df-17877418f519","id":"147070087"},"147070088":{"scope":{"type":"project","id":1131003},"user_id":219887,"source_asset_id":null,"source":false,"tags":[],"name":"nipplejs.js","revision":1,"preload":true,"exclude":false,"meta":null,"data":{"order":100,"scripts":{},"loadingType":0,"loading":false},"type":"script","file":{"filename":"nipplejs.js","size":23456,"hash":"e260ef66e62c45cc6463c63c28f9da8e"},"path":[147070087],"task":null,"i18n":{},"_type":"http://sharejs.org/types/JSONv0","_v":1,"_m":{"ctime":1690355427142,"mtime":1690365391097},"_o":"64c0edcf6c99b157dcf02ba0","branch_id":"a84354b8-dfb3-40d3-8c2f-60a4796f9376","immutable_backup":"716de98a-b24c-429a-8190-7c5a9d07dc60","same_as_backup":1,"checkpoint_id":"88aaf781-c4d3-4903-80df-17877418f519","id":"147070088"}}