{"1842137":{"project_id":1131003,"name":"main","created":"2023-07-25T08:12:04.488Z","settings":{"physics":{"gravity":[0,-9.8,0]},"render":{"lightmapFilterRange":10,"fog_end":1000,"lightmapFilterEnabled":false,"ambientBake":false,"tonemapping":0,"lightingAreaLightsEnabled":false,"lightingShadowType":0,"ambientBakeOcclusionContrast":0,"skybox":null,"lightingCookieAtlasResolution":2048,"fog_density":0.01,"lightmapFilterSmoothness":0.2,"gamma_correction":1,"exposure":1,"lightingShadowsEnabled":true,"fog_start":1,"skyboxIntensity":1,"global_ambient":[0.2,0.2,0.2],"ambientBakeNumSamples":1,"fog_color":[0,0,0],"lightingCells":[10,3,10],"lightmapMode":1,"lightingCookiesEnabled":false,"clusteredLightingEnabled":true,"ambientBakeSpherePart":0.4,"fog":"none","ambientBakeOcclusionBrightness":0,"lightmapMaxResolution":2048,"lightingMaxLightsPerCell":255,"lightingShadowAtlasResolution":2048,"skyboxMip":0,"lightmapSizeMultiplier":16,"skyboxRotation":[0,0,0]}},"scene":1842137,"entities":{"f0ac577e-2ac2-11ee-91de-9e085484756a":{"position":[2,2,-2],"scale":[1,1,1],"name":"Light","parent":"f0ac54c2-2ac2-11ee-91de-9e085484756a","resource_id":"f0ac577e-2ac2-11ee-91de-9e085484756a","components":{"light":{"castShadows":true,"isStatic":false,"vsmBlurSize":11,"shadowUpdateMode":2,"normalOffsetBias":0.05,"color":[1,1,1],"bakeArea":0,"numCascades":1,"outerConeAngle":45,"bakeNumSamples":1,"affectDynamic":true,"intensity":1,"bakeDir":true,"cookieAngle":0,"affectLightmapped":false,"cookieChannel":"rgb","innerConeAngle":40,"shadowBias":0.2,"bake":false,"falloffMode":0,"cookieAsset":null,"vsmBias":0.01,"layers":[0],"cookieIntensity":1,"cascadeDistribution":0.5,"cookieOffset":[0,0],"shadowResolution":1024,"cookieScale":[1,1],"enabled":true,"shape":0,"range":8,"vsmBlurMode":1,"shadowDistance":16,"type":"directional","cookieFalloff":true,"shadowType":0}},"rotation":[45,135,0],"tags":[],"enabled":true,"children":[]},"f0ac5990-2ac2-11ee-91de-9e085484756a":{"position":[0,0,0],"scale":[8,1,8],"name":"Plane","parent":"f0ac54c2-2ac2-11ee-91de-9e085484756a","resource_id":"f0ac5990-2ac2-11ee-91de-9e085484756a","components":{"render":{"isStatic":false,"castShadows":true,"castShadowsLightmap":true,"rootBone":null,"lightmapped":false,"batchGroupId":null,"layers":[0],"receiveShadows":true,"enabled":true,"asset":null,"materialAssets":[null],"type":"plane","lightmapSizeMultiplier":1}},"rotation":[0,0,0],"tags":[],"enabled":true,"children":[]},"f0ac565c-2ac2-11ee-91de-9e085484756a":{"position":[4,3.69,4.327],"scale":[1,1,1],"name":"Camera","parent":"f0ac54c2-2ac2-11ee-91de-9e085484756a","resource_id":"f0ac565c-2ac2-11ee-91de-9e085484756a","components":{"camera":{"projection":1,"farClip":1000,"clearColorBuffer":true,"layers":[0,1,2,3,4],"priority":0,"fov":45,"clearDepthBuffer":true,"frustumCulling":true,"clearColor":[0.118,0.118,0.118,1],"enabled":true,"orthoHeight":10,"nearClip":0.1,"rect":[0,0,1,1]}},"rotation":[-30,45,0],"tags":[],"enabled":true,"children":[]},"f0ac54c2-2ac2-11ee-91de-9e085484756a":{"position":[0,0,0],"scale":[1,1,1],"name":"Root","parent":null,"resource_id":"f0ac54c2-2ac2-11ee-91de-9e085484756a","components":{},"rotation":[0,0,0],"tags":[],"enabled":true,"children":["d5ce9d8a-9bcd-412b-859b-357512097a38","f0ac565c-2ac2-11ee-91de-9e085484756a","f0ac577e-2ac2-11ee-91de-9e085484756a","f0ac5990-2ac2-11ee-91de-9e085484756a","ad7a33cd-50fc-4edb-bfce-808ee482be41"]},"f0ac588c-2ac2-11ee-91de-9e085484756a":{"position":[3.5,0.5,3.14285945892334],"scale":[1,1,1],"name":"P1","parent":"ad7a33cd-50fc-4edb-bfce-808ee482be41","resource_id":"f0ac588c-2ac2-11ee-91de-9e085484756a","components":{"render":{"isStatic":false,"castShadows":true,"castShadowsLightmap":true,"rootBone":null,"lightmapped":false,"batchGroupId":null,"layers":[0],"receiveShadows":true,"enabled":true,"asset":null,"materialAssets":[147070084],"type":"box","lightmapSizeMultiplier":1},"script":{"enabled":true,"order":["playerControl"],"scripts":{"playerControl":{"enabled":true,"attributes":{"speed":10,"boxSize":[3.5,0,3.5],"player":1,"defaultPosition":[3.5,0.5,3.143]}}}}},"rotation":[0,0,0],"tags":[],"enabled":false,"children":[]},"ad7a33cd-50fc-4edb-bfce-808ee482be41":{"name":"Players","tags":[],"enabled":true,"resource_id":"ad7a33cd-50fc-4edb-bfce-808ee482be41","parent":"f0ac54c2-2ac2-11ee-91de-9e085484756a","children":["f0ac588c-2ac2-11ee-91de-9e085484756a","89ee87b9-41bf-4649-87b8-96ce29e04ac2","6f01d9b8-83e5-4ed0-a312-88e4181c358c","c7fd2add-c0b2-4f57-b13c-9e07dd09c3ec"],"position":[0,0,0],"rotation":[0,0,0],"scale":[1,1,1],"components":{}},"89ee87b9-41bf-4649-87b8-96ce29e04ac2":{"name":"P2","tags":[],"enabled":false,"resource_id":"89ee87b9-41bf-4649-87b8-96ce29e04ac2","parent":"ad7a33cd-50fc-4edb-bfce-808ee482be41","children":[],"position":[0,0.5,2.7608566284179688],"rotation":[0,0,0],"scale":[1,1,1],"components":{"render":{"enabled":true,"type":"box","asset":null,"materialAssets":[147070083],"layers":[0],"batchGroupId":null,"castShadows":true,"castShadowsLightmap":true,"receiveShadows":true,"lightmapped":false,"lightmapSizeMultiplier":1,"castShadowsLightMap":true,"lightMapped":false,"lightMapSizeMultiplier":1,"isStatic":false,"rootBone":null},"script":{"enabled":true,"order":["playerControl"],"scripts":{"playerControl":{"enabled":true,"attributes":{"speed":10,"boxSize":[3.5,0,3.5],"player":2,"defaultPosition":[0,0.5,2.761]}}}}}},"6f01d9b8-83e5-4ed0-a312-88e4181c358c":{"name":"P3","tags":[],"enabled":false,"resource_id":"6f01d9b8-83e5-4ed0-a312-88e4181c358c","parent":"ad7a33cd-50fc-4edb-bfce-808ee482be41","children":[],"position":[-2.515761613845825,0.5,-1.3342362282959854],"rotation":[0,0,0],"scale":[1,1,1],"components":{"render":{"enabled":true,"type":"box","asset":null,"materialAssets":[147070082],"layers":[0],"batchGroupId":null,"castShadows":true,"castShadowsLightmap":true,"receiveShadows":true,"lightmapped":false,"lightmapSizeMultiplier":1,"castShadowsLightMap":true,"lightMapped":false,"lightMapSizeMultiplier":1,"isStatic":false,"rootBone":null},"script":{"enabled":true,"order":["playerControl"],"scripts":{"playerControl":{"enabled":true,"attributes":{"speed":10,"boxSize":[3.5,0,3.5],"player":3,"defaultPosition":[-2.516,0.5,-1.334]}}}}}},"c7fd2add-c0b2-4f57-b13c-9e07dd09c3ec":{"name":"P4","tags":[],"enabled":false,"resource_id":"c7fd2add-c0b2-4f57-b13c-9e07dd09c3ec","parent":"ad7a33cd-50fc-4edb-bfce-808ee482be41","children":[],"position":[0,0.5,-1.4603470790022968],"rotation":[0,0,0],"scale":[1,1,1],"components":{"render":{"enabled":true,"type":"box","asset":null,"materialAssets":[147070081],"layers":[0],"batchGroupId":null,"castShadows":true,"castShadowsLightmap":true,"receiveShadows":true,"lightmapped":false,"lightmapSizeMultiplier":1,"castShadowsLightMap":true,"lightMapped":false,"lightMapSizeMultiplier":1,"isStatic":false,"rootBone":null},"script":{"enabled":true,"order":["playerControl"],"scripts":{"playerControl":{"enabled":true,"attributes":{"speed":10,"boxSize":[3.5,0,3.5],"player":4,"defaultPosition":[0,0.5,-1.46]}}}}}},"d5ce9d8a-9bcd-412b-859b-357512097a38":{"name":"PlayRoom","tags":[],"enabled":true,"resource_id":"d5ce9d8a-9bcd-412b-859b-357512097a38","parent":"f0ac54c2-2ac2-11ee-91de-9e085484756a","children":[],"position":[0,0,0],"rotation":[0,0,0],"scale":[1,1,1],"components":{"script":{"enabled":true,"order":["playRoomManager"],"scripts":{"playRoomManager":{"enabled":true,"attributes":{"playersEntity":["f0ac588c-2ac2-11ee-91de-9e085484756a","89ee87b9-41bf-4649-87b8-96ce29e04ac2","6f01d9b8-83e5-4ed0-a312-88e4181c358c","c7fd2add-c0b2-4f57-b13c-9e07dd09c3ec"]}}}}}}},"checkpoint_id":"88aaf781-c4d3-4903-80df-17877418f519","_type":"http://sharejs.org/types/JSONv0","_v":1,"_m":{"ctime":1690272724488.785,"mtime":1691216365833},"_o":"64cde9edf7ad6f22886f4ef4","branch_id":"a84354b8-dfb3-40d3-8c2f-60a4796f9376","id":"1842137"}}